{
    "items": [{
            "type": "group",
            "title": "Views",
            "description": "Simple theme select info "
        }, {
            "type": "select",
            "title": "Theme",
            "key": "theme",
            "value": "white",
            "items": ["white", "black", "league", "beige", "sky", "night", "serif", "simple", "solarized", "mozila"]
        }, {
            "type": "group",
            "title": "Configure"
        }, {
            "type": "checkbox",
            "title": "Controls",
            "key": "controls",
            "value": true,
            "description": "Display controls in the bottom right corner"
        }, {
            "type": "switch",
            "title": "Controls",
            "key": "controls-2",
            "value": true,
            "description": "Display controls in the bottom right corner"
        }, {
            "type": "date",
            "title": "Date Picker",
            "key": "date-picker",
            "description": "select date"
        }, {
            "type": "range",
            "title": "Range Controls",
            "key": "range-control",
            "value": 50,
            "min": 0,
            "max": 100,
            "description": "Display controls in the bottom right corner"
        }, {
            "type": "range",
            "title": "Range Step",
            "key": "range-step",
            "value": 50,
            "min": 0,
            "max": 100,
            "step": 0.5,
            "description": "Display controls in the bottom right corner"
        }, {
            "type": "range",
            "title": "Range - readonly mode",
            "key": "range-readonly-mode",
            "value": 50,
            "min": 0,
            "max": 100,
            "step": 0.5,
            "readonly": true,
            "description": "Display controls in the bottom right corner"
        }, {
            "type": "checkbox",
            "title": "Progress",
            "key": "progress",
            "value": true,
            "description": "Display a presentation progress bar"
        }, {
            "type": "checkbox",
            "title": "Slide Number",
            "key": "slideNumber",
            "value": false,
            "description": "Display the page number of the current slide"
        }, {
            "type": "checkbox",
            "title": "History",
            "key": "history",
            "value": false,
            "description": "Push each slide change to the browser history"
        }, {
            "type": "checkbox",
            "title": "keyboard",
            "key": "keyboard",
            "value": true,
            "description": "Enable keyboard shortcuts for navigation"
        }, {
            "type": "checkbox",
            "title": "Overview",
            "key": "overview",
            "value": true,
            "description": "Enable the slide overview mode"
        }, {
            "type": "checkbox",
            "title": "Center",
            "key": "center",
            "value": true,
            "description": "Vertical centering of slides"
        }, {
            "type": "checkbox",
            "title": "Touch",
            "key": "touch",
            "value": true,
            "description": "Enables touch navigation on devices with touch input"
        }, {
            "type": "checkbox",
            "title": "Loop",
            "key": "loop",
            "value": false,
            "description": "Loop the presentation"
        }, {
            "type": "checkbox",
            "title": "RTL",
            "key": "rtl",
            "value": false,
            "description": "Change the presentation direction to be RTL"
        }, {
            "type": "checkbox",
            "title": "Shuffle",
            "key": "shuffle",
            "value": false,
            "description": "Randomizes the order of slides each time the presentation loads"
        }, {
            "type": "checkbox",
            "title": "Fragments",
            "key": "fragments",
            "value": true,
            "description": "Turns fragments on and off globally"
        }, {
            "type": "checkbox",
            "title": "Embedded",
            "key": "embedded",
            "value": false,
            "description": "Flags if the presentation is running in an embedded mode,\ni.e. contained within a limited portion of the screen "
        }, {
            "type": "checkbox",
            "title": "Help",
            "key": "help",
            "value": true,
            "description": "Flags if we should show a help overlay when the questionmark, key is pressed"
        }, {
            "type": "checkbox",
            "title": "Show Notes",
            "key": "showNotes",
            "value": false,
            "description": ""
        }, {
            "type": "number",
            "title": "Auto Slide",
            "key": "autoSlide",
            "value": 0,
            "description": ""
        }, {
            "type": "checkbox",
            "title": "Auto Slide Stoppable",
            "key": "autoSlideStoppable",
            "value": true,
            "description": "Stop auto-sliding after user input"
        }, {
            "type": "checkbox",
            "title": "Auto Slide Method",
            "key": "autoSlideMethod",
            "value": "Reveal.navigateNext",
            "description": "Use this method for navigation when auto-sliding"
        }, {
            "type": "checkbox",
            "title": "Mouse Wheel",
            "key": "mouseWheel",
            "value": false,
            "description": "Enable slide navigation via mouse wheel"
        }, {
            "type": "checkbox",
            "title": "Hide Address Bar",
            "key": "hideAddressBar",
            "value": true,
            "description": ""
        }, {
            "type": "checkbox",
            "title": "Preview Links",
            "key": "previewLinks",
            "value": false,
            "description": ""
        }, {
            "type": "select",
            "title": "Transition style",
            "key": "transition",
            "value": "default",
            "items": ["default", "none", "fade", "slide", "convex", "concave", "zoom"]
        }, {
            "type": "select",
            "title": "Transition Speed",
            "key": "transitionSpeed",
            "value": "default",
            "items": ["default", "fast", "slow"]
        }, {
            "type": "select",
            "title": "Background Transition",
            "key": "backgroundTransition",
            "value": "default",
            "description": "Transition style for full page slide backgrounds",
            "items": ["default", "none", "fade", "slide", "convex", "concave", "zoom"]
        }, {
            "type": "number",
            "title": "View Distance",
            "key": "viewDistance",
            "value": 3,
            "description": "Number of slides away from the current that are visible"
        }, {
            "type": "group",
            "title": "Parallax"
        }, {
            "type": "text",
            "title": "Background Image",
            "placeholder" : "Yes, you Key In Man",
            "key": "parallaxBackgroundImage",
            "value": "Vijaya Rama Kannan",
            "description": "https://s3.amazonaws.com/hakim-static/reveal-js/reveal-parallax-1.jpg"
        }, {
            "type": "text",
            "title": "Background Size",
            "key": "parallaxBackgroundSize",
            "value": "",
            "description": "CSS syntax, e.g. 2100px 900px"
        }, {
            "type": "text",
            "title": "Background Horizontal",
            "key": "parallaxBackgroundHorizontal",
            "value": "",
            "description": ""
        }, {
            "type": "text",
            "title": "Background Vertical",
            "key": "parallaxBackgroundVertical",
            "value": "",
            "description": ""
        }
    ]
}